{"model":{"type":"minecraft:select","cases":[{"model":{"type":"minecraft:model","model":"trimmable_tools:item/golden_shovel_quartz_ward"},"when":"minecraft:quartz"},{"model":{"type":"minecraft:model","model":"trimmable_tools:item/golden_shovel_iron_ward"},"when":"minecraft:iron"},{"model":{"type":"minecraft:model","model":"trimmable_tools:item/golden_shovel_netherite_ward"},"when":"minecraft:netherite"},{"model":{"type":"minecraft:model","model":"trimmable_tools:item/golden_shovel_redstone_ward"},"when":"minecraft:redstone"},{"model":{"type":"minecraft:model","model":"trimmable_tools:item/golden_shovel_copper_ward"},"when":"minecraft:copper"},{"model":{"type":"minecraft:model","model":"trimmable_tools:item/golden_shovel_gold_ward"},"when":"minecraft:gold"},{"model":{"type":"minecraft:model","model":"trimmable_tools:item/golden_shovel_emerald_ward"},"when":"minecraft:emerald"},{"model":{"type":"minecraft:model","model":"trimmable_tools:item/golden_shovel_diamond_ward"},"when":"minecraft:diamond"},{"model":{"type":"minecraft:model","model":"trimmable_tools:item/golden_shovel_lapis_ward"},"when":"minecraft:lapis"},{"model":{"type":"minecraft:model","model":"trimmable_tools:item/golden_shovel_amethyst_ward"},"when":"minecraft:amethyst"},{"model":{"type":"minecraft:model","model":"trimmable_tools:item/golden_shovel_resin_ward"},"when":"minecraft:resin"}],"fallback":{"type":"minecraft:model","model":"minecraft:item/golden_shovel"},"property":"minecraft:trim_material"}}