{"model":{"type":"minecraft:select","cases":[{"model":{"type":"minecraft:model","model":"trimmable_tools:item/iron_shovel_quartz_flow"},"when":"minecraft:quartz"},{"model":{"type":"minecraft:model","model":"trimmable_tools:item/iron_shovel_iron_flow"},"when":"minecraft:iron"},{"model":{"type":"minecraft:model","model":"trimmable_tools:item/iron_shovel_netherite_flow"},"when":"minecraft:netherite"},{"model":{"type":"minecraft:model","model":"trimmable_tools:item/iron_shovel_redstone_flow"},"when":"minecraft:redstone"},{"model":{"type":"minecraft:model","model":"trimmable_tools:item/iron_shovel_copper_flow"},"when":"minecraft:copper"},{"model":{"type":"minecraft:model","model":"trimmable_tools:item/iron_shovel_gold_flow"},"when":"minecraft:gold"},{"model":{"type":"minecraft:model","model":"trimmable_tools:item/iron_shovel_emerald_flow"},"when":"minecraft:emerald"},{"model":{"type":"minecraft:model","model":"trimmable_tools:item/iron_shovel_diamond_flow"},"when":"minecraft:diamond"},{"model":{"type":"minecraft:model","model":"trimmable_tools:item/iron_shovel_lapis_flow"},"when":"minecraft:lapis"},{"model":{"type":"minecraft:model","model":"trimmable_tools:item/iron_shovel_amethyst_flow"},"when":"minecraft:amethyst"},{"model":{"type":"minecraft:model","model":"trimmable_tools:item/iron_shovel_resin_flow"},"when":"minecraft:resin"}],"fallback":{"type":"minecraft:model","model":"minecraft:item/iron_shovel"},"property":"minecraft:trim_material"}}