{"model":{"type":"minecraft:select","cases":[{"model":{"type":"minecraft:model","model":"trimmable_tools:item/iron_pickaxe_quartz_host"},"when":"minecraft:quartz"},{"model":{"type":"minecraft:model","model":"trimmable_tools:item/iron_pickaxe_iron_host"},"when":"minecraft:iron"},{"model":{"type":"minecraft:model","model":"trimmable_tools:item/iron_pickaxe_netherite_host"},"when":"minecraft:netherite"},{"model":{"type":"minecraft:model","model":"trimmable_tools:item/iron_pickaxe_redstone_host"},"when":"minecraft:redstone"},{"model":{"type":"minecraft:model","model":"trimmable_tools:item/iron_pickaxe_copper_host"},"when":"minecraft:copper"},{"model":{"type":"minecraft:model","model":"trimmable_tools:item/iron_pickaxe_gold_host"},"when":"minecraft:gold"},{"model":{"type":"minecraft:model","model":"trimmable_tools:item/iron_pickaxe_emerald_host"},"when":"minecraft:emerald"},{"model":{"type":"minecraft:model","model":"trimmable_tools:item/iron_pickaxe_diamond_host"},"when":"minecraft:diamond"},{"model":{"type":"minecraft:model","model":"trimmable_tools:item/iron_pickaxe_lapis_host"},"when":"minecraft:lapis"},{"model":{"type":"minecraft:model","model":"trimmable_tools:item/iron_pickaxe_amethyst_host"},"when":"minecraft:amethyst"},{"model":{"type":"minecraft:model","model":"trimmable_tools:item/iron_pickaxe_resin_host"},"when":"minecraft:resin"}],"fallback":{"type":"minecraft:model","model":"minecraft:item/iron_pickaxe"},"property":"minecraft:trim_material"}}