{"model":{"type":"minecraft:select","cases":[{"model":{"type":"minecraft:model","model":"trimmable_tools:item/netherite_hoe_quartz_vex"},"when":"minecraft:quartz"},{"model":{"type":"minecraft:model","model":"trimmable_tools:item/netherite_hoe_iron_vex"},"when":"minecraft:iron"},{"model":{"type":"minecraft:model","model":"trimmable_tools:item/netherite_hoe_netherite_vex"},"when":"minecraft:netherite"},{"model":{"type":"minecraft:model","model":"trimmable_tools:item/netherite_hoe_redstone_vex"},"when":"minecraft:redstone"},{"model":{"type":"minecraft:model","model":"trimmable_tools:item/netherite_hoe_copper_vex"},"when":"minecraft:copper"},{"model":{"type":"minecraft:model","model":"trimmable_tools:item/netherite_hoe_gold_vex"},"when":"minecraft:gold"},{"model":{"type":"minecraft:model","model":"trimmable_tools:item/netherite_hoe_emerald_vex"},"when":"minecraft:emerald"},{"model":{"type":"minecraft:model","model":"trimmable_tools:item/netherite_hoe_diamond_vex"},"when":"minecraft:diamond"},{"model":{"type":"minecraft:model","model":"trimmable_tools:item/netherite_hoe_lapis_vex"},"when":"minecraft:lapis"},{"model":{"type":"minecraft:model","model":"trimmable_tools:item/netherite_hoe_amethyst_vex"},"when":"minecraft:amethyst"},{"model":{"type":"minecraft:model","model":"trimmable_tools:item/netherite_hoe_resin_vex"},"when":"minecraft:resin"}],"fallback":{"type":"minecraft:model","model":"minecraft:item/netherite_hoe"},"property":"minecraft:trim_material"}}